,City,Lat,Lng,Max Temp,Humidity,Cloudiness,Wind Speed,Country,Date
0,avarua,-21.2078,-159.775,73.45,88,30,3.44,CK,1661752944
1,ushuaia,-54.8,-68.3,42.46,70,0,2.3,AR,1661752683
2,leningradskiy,69.3833,178.4167,39.81,82,65,5.93,RU,1661752945
3,atuona,-9.8,-139.0333,77.22,74,33,21.5,PF,1661752945
4,sao filipe,14.8961,-24.4956,76.6,83,95,14.5,CV,1661752945
5,rikitea,-23.1203,-134.9692,72.19,83,100,14.76,PF,1661752946
6,punta arenas,-53.15,-70.9167,42.12,70,89,8.93,CL,1661752944
7,lata,40.1629,-8.3327,60.08,97,10,2.19,PT,1661752947
8,butaritari,3.0707,172.7902,82.22,71,12,16.58,KI,1661752947
9,clyde river,70.4692,-68.5914,32.23,100,100,0.0,CA,1661752948
10,strezhevoy,60.7333,77.5889,50.63,78,100,6.87,RU,1661752948
11,severo-kurilsk,50.6789,156.125,56.05,95,100,12.59,RU,1661752948
12,rio gallegos,-51.6226,-69.2181,44.06,78,100,8.1,AR,1661752949
13,souillac,-20.5167,57.5167,73.11,76,30,12.97,MU,1661752949
14,sorland,67.667,12.6934,49.86,86,100,17.52,NO,1661752950
15,moerai,-22.4333,-151.3333,72.73,81,20,8.16,PF,1661752950
16,sao joao dos patos,-6.495,-43.7022,68.22,55,3,4.29,BR,1661752951
17,menongue,-14.6585,17.691,64.13,35,14,2.42,AO,1661752951
18,tiksi,71.6872,128.8694,47.53,68,63,9.46,RU,1661752952
19,boddam,57.4667,-1.7833,57.58,79,93,7.49,GB,1661752952
20,osvaldo cruz,-21.7967,-50.8786,62.83,74,24,16.89,BR,1661752952
21,bluff,-46.6,168.3333,48.65,78,4,6.82,NZ,1661752916
22,dakoro,14.5106,6.765,76.15,80,100,5.84,NE,1661752953
23,dobrinka,52.1653,40.4731,79.83,27,91,16.08,RU,1661752954
24,katherine,-14.4667,132.2667,95.32,31,40,10.36,AU,1661752954
25,hermanus,-34.4187,19.2345,51.8,81,59,14.45,ZA,1661752955
26,mahebourg,-20.4081,57.7,75.25,78,35,13.8,MU,1661752955
27,carnarvon,-24.8667,113.6333,71.6,33,0,13.02,AU,1661752956
28,georgetown,5.4112,100.3354,87.75,62,20,7.0,MY,1661752784
29,port alfred,-33.5906,26.891,57.18,74,34,5.99,ZA,1661752956
30,sheboygan,43.7333,-87.9334,72.37,94,0,5.75,US,1661752902
31,mar del plata,-38.0023,-57.5575,41.88,61,0,5.01,AR,1661752809
32,ascension,30.2169,-90.9001,78.08,96,0,0.0,US,1661752957
33,padampur,29.6833,73.6167,94.64,43,66,6.82,IN,1661752958
34,smithers,54.7804,-127.1743,52.68,99,100,2.64,CA,1661752958
35,saint-philippe,-21.3585,55.7679,77.22,79,82,7.54,RE,1661752959
36,sergeyevka,53.88,67.4158,73.89,33,24,6.31,KZ,1661752959
37,tasiilaq,65.6145,-37.6368,46.56,94,100,30.15,GL,1661752960
38,japura,-0.3167,102.35,84.9,74,77,0.76,ID,1661752960
39,kaeo,-35.1,173.7833,56.32,89,43,11.34,NZ,1661752961
40,poya,-21.35,165.15,70.45,79,96,9.82,NC,1661752961
41,axim,4.8699,-2.2405,73.76,84,87,6.22,GH,1661752962
42,araouane,18.9048,-3.5265,87.28,48,68,7.02,ML,1661752962
43,norsup,-16.0667,167.3833,78.98,79,63,16.13,VU,1661752962
44,nogales,31.3086,-110.9422,69.37,83,0,6.91,MX,1661752963
45,vao,-22.6667,167.4833,68.92,70,100,21.0,NC,1661752963
46,nikolskoye,59.7035,30.7861,69.87,66,94,4.18,RU,1661752964
47,roberval,48.5168,-72.2324,65.26,73,100,13.58,CA,1661752872
48,saskylakh,71.9167,114.0833,52.66,56,100,20.51,RU,1661752964
49,udachnyy,66.4167,112.4,43.63,72,100,22.17,RU,1661752965
50,mataura,-46.1927,168.8643,47.3,84,0,1.97,NZ,1661752965
51,khatanga,71.9667,102.5,39.76,86,100,19.15,RU,1661752966
52,jamestown,42.097,-79.2353,74.71,67,9,3.0,US,1661752678
53,albany,42.6001,-73.9662,70.63,86,65,4.72,US,1661752813
54,upernavik,72.7868,-56.1549,34.29,87,78,15.35,GL,1661752967
55,tuktoyaktuk,69.4541,-133.0374,42.39,92,100,11.79,CA,1661752967
56,kars,40.602,43.095,73.27,27,0,3.91,TR,1661752930
57,hobart,-42.8794,147.3294,68.25,53,75,13.8,AU,1661752968
58,lavrentiya,65.5833,-171.0,44.94,78,64,5.32,RU,1661752968
59,nioaque,-21.1353,-55.83,67.86,67,100,9.42,BR,1661752968
60,la rioja,42.25,-2.5,64.18,75,34,5.99,ES,1661752969
61,busselton,-33.65,115.3333,55.99,60,99,3.24,AU,1661752969
62,ilebo,-4.3167,20.5833,73.45,88,92,1.77,CD,1661752970
63,shahr-e kord,32.3256,50.8644,71.69,10,0,4.34,IR,1661752970
64,kaitangata,-46.2817,169.8464,46.42,91,0,3.91,NZ,1661752971
65,gemunden,50.05,9.7,61.56,66,15,2.68,DE,1661752971
66,seydi,39.4816,62.9137,92.86,10,0,12.5,TM,1661752972
67,new norfolk,-42.7826,147.0587,67.91,54,85,1.01,AU,1661752972
68,steinbach,50.1667,8.5667,62.19,59,0,10.36,DE,1661752846
69,san patricio,28.017,-97.5169,84.88,77,7,6.64,US,1661752973
70,patti,31.2808,74.8572,84.27,52,74,3.18,IN,1661752973
71,vaini,-21.2,-175.2,73.13,78,61,12.39,TO,1661752974
72,college,64.8569,-147.8028,55.29,85,100,1.59,US,1661752974
73,port lincoln,-34.7333,135.8667,56.61,68,48,25.12,AU,1661752700
74,nouadhibou,20.931,-17.0347,71.01,81,4,20.65,MR,1661752975
75,bengkulu,-3.8004,102.2655,81.09,79,74,5.7,ID,1661752975
76,barrow,71.2906,-156.7887,39.22,87,100,5.75,US,1661752976
77,churapcha,62.0025,132.4325,68.5,34,7,4.72,RU,1661752976
78,nalut,30.3333,10.85,82.63,28,0,9.46,LY,1661752977
79,lasa,46.6166,10.7002,62.69,77,97,1.92,IT,1661752977
80,sibolga,1.7427,98.7792,78.78,86,96,2.01,ID,1661752978
81,kapaa,22.0752,-159.319,77.09,80,7,1.99,US,1661752978
82,monywa,22.1167,95.1333,93.61,50,84,6.53,MM,1661752978
83,sitka,57.0531,-135.33,58.89,88,100,4.61,US,1661752979
84,dikson,73.5069,80.5464,40.17,90,100,12.24,RU,1661752980
85,los llanos de aridane,28.6585,-17.9182,64.15,80,0,7.0,ES,1661752980
86,ancud,-41.8697,-73.8203,39.67,82,100,4.72,CL,1661752981
87,kazanskoye,55.6448,69.235,74.89,43,43,11.54,RU,1661752981
88,haines junction,60.7522,-137.5108,48.81,72,99,1.99,CA,1661752982
89,namibe,-15.1961,12.1522,61.9,85,76,5.48,AO,1661752982
90,northam,51.0333,-4.2167,57.61,79,7,9.98,GB,1661752983
91,tuatapere,-46.1333,167.6833,49.35,81,4,2.77,NZ,1661752983
92,stephenville,32.2207,-98.2023,83.86,65,40,6.91,US,1661752984
93,high level,58.5169,-117.136,54.46,63,13,4.25,CA,1661752807
94,cape town,-33.9258,18.4232,59.38,73,20,2.3,ZA,1661752773
95,ngunguru,-35.6167,174.5,54.81,76,60,16.35,NZ,1661752985
96,chumikan,54.7183,135.315,69.01,47,32,9.4,RU,1661752985
97,kavieng,-2.5744,150.7967,84.9,69,28,14.7,PG,1661752986
98,gorin,51.1983,136.6669,70.29,54,3,6.62,RU,1661752986
99,luanda,-8.8368,13.2343,68.36,90,56,6.58,AO,1661752915
100,alice springs,-23.7,133.8833,76.55,16,46,11.5,AU,1661752879
101,banjar,-8.19,114.9675,86.32,62,100,0.45,ID,1661752987
102,sisimiut,66.9395,-53.6735,42.48,69,79,10.69,GL,1661752988
103,muros,42.7762,-9.0603,60.1,94,31,0.89,ES,1661752988
104,villaviciosa,43.4813,-5.4357,69.42,89,65,5.08,ES,1661752989
105,buin,-33.7333,-70.75,63.73,16,0,3.76,CL,1661752989
106,bethel,41.3712,-73.414,72.01,85,100,4.61,US,1661752989
107,mpulungu,-8.7623,31.1141,77.32,45,7,9.98,ZM,1661752990
108,bambous virieux,-20.3428,57.7575,75.22,79,40,13.35,MU,1661752990
109,kruisfontein,-34.0033,24.7314,52.88,67,60,15.35,ZA,1661752991
110,yar-sale,66.8333,70.8333,47.32,54,36,11.9,RU,1661752991
111,virginia beach,36.8529,-75.978,79.02,95,98,8.21,US,1661752768
112,fujin,47.26,132.0322,71.94,62,100,5.91,CN,1661752992
113,qaanaaq,77.484,-69.3632,26.53,68,66,5.08,GL,1661752992
114,mandera,3.9366,41.867,81.07,51,3,16.33,KE,1661752993
115,tazovskiy,67.4667,78.7,44.02,59,13,15.08,RU,1661752993
116,newala,-10.9431,39.2787,70.9,51,0,3.13,TZ,1661752994
117,kostyantynivka,48.5277,37.7069,77.92,58,0,8.03,UA,1661752994
118,beloha,-25.1667,45.05,73.99,54,2,4.76,MG,1661752995
119,lebu,-37.6167,-73.65,47.84,82,75,7.61,CL,1661752995
120,saint george,37.1041,-113.5841,85.95,29,0,6.91,US,1661752996
121,hay river,60.8156,-115.7999,50.23,98,71,4.03,CA,1661752996
122,saint-francois,46.4154,3.9054,58.68,94,0,2.3,FR,1661752997
123,mehamn,71.0357,27.8492,46.31,81,100,21.85,NO,1661752997
124,zile,40.3031,35.8864,69.39,69,16,3.04,TR,1661752998
125,olinda,-8.0089,-34.8553,71.33,88,100,5.75,BR,1661752998
126,ribeira grande,38.5167,-28.7,72.77,80,99,3.02,PT,1661752999
127,vestmannaeyjar,63.4427,-20.2734,52.95,87,100,26.04,IS,1661752999
128,nenjiang,49.1833,125.2167,77.34,30,88,15.03,CN,1661753000
129,eloi mendes,-21.61,-45.5653,57.25,85,8,5.68,BR,1661753000
130,san cristobal,7.7669,-72.225,65.46,98,98,3.38,VE,1661753000
131,belomorsk,64.5232,34.7668,58.3,59,100,5.97,RU,1661753001
132,rincon,32.296,-81.2354,79.84,95,20,5.75,US,1661753001
133,de haan,51.272,3.0429,59.05,84,20,5.75,BE,1661753002
134,buchanan,5.8808,-10.0467,74.91,88,96,10.4,LR,1661753002
135,necochea,-38.5473,-58.7368,38.8,56,1,10.27,AR,1661753003
136,mayo,38.8876,-76.5119,77.99,92,0,4.0,US,1661753003
137,kochubey,44.3861,46.5825,89.1,27,4,22.46,RU,1661753004
138,contai,21.7786,87.7536,87.91,70,62,10.45,IN,1661753004
139,kidal,18.4411,1.4078,81.66,53,100,9.55,ML,1661753004
140,hithadhoo,-0.6,73.0833,82.08,70,99,16.04,MV,1661753005
141,cabo san lucas,22.8909,-109.9124,83.52,72,74,11.74,MX,1661752808
142,mama,58.3106,112.8986,51.13,73,92,10.67,RU,1661753005
143,pierre,44.3683,-100.351,74.05,77,78,5.99,US,1661752807
144,guangyuan,32.442,105.823,67.33,95,100,6.42,CN,1661753006
145,bad zwischenahn,53.1833,8.0,62.96,94,100,6.53,DE,1661753007
146,ulaanbaatar,47.9077,106.8832,46.18,91,98,9.42,MN,1661753007
147,dubai,25.2582,55.3047,95.61,36,0,8.19,AE,1661752954
148,kutum,14.2,24.6667,75.56,56,18,1.1,SD,1661753008
149,zhigansk,66.7697,123.3711,47.5,96,100,12.46,RU,1661753008
150,namatanai,-3.6667,152.4333,84.51,67,61,12.48,PG,1661753009
151,myitkyina,25.3833,97.4,88.14,70,100,2.44,MM,1661753009
152,kysyl-syr,63.8986,122.7617,52.74,68,100,5.86,RU,1661753009
153,rong kwang,18.339,100.3174,91.38,62,61,2.53,TH,1661753010
154,mnogovershinnyy,53.9353,139.9242,61.14,51,74,11.21,RU,1661753010
155,puerto ayora,-0.7393,-90.3518,68.56,87,79,4.0,EC,1661753011
156,lorengau,-2.0226,147.2712,82.67,80,62,11.43,PG,1661753011
157,kishi,9.0833,3.85,68.85,98,95,4.14,NG,1661753012
158,bredasdorp,-34.5322,20.0403,50.4,92,31,3.22,ZA,1661753012
159,karratha,-20.7377,116.8463,81.46,25,0,16.02,AU,1661753012
160,skourta,38.2127,23.5525,80.94,64,0,2.3,GR,1661753013
161,seoul,37.5683,126.9778,72.79,63,100,5.91,KR,1661752830
162,norman wells,65.282,-126.8329,53.64,94,75,0.0,CA,1661752715
163,hetauda,27.4284,85.0322,92.55,72,57,4.05,NP,1661753014
164,deputatskiy,69.3,139.9,60.19,37,44,6.17,RU,1661753014
165,palmeira,-25.4294,-50.0064,51.03,95,99,8.03,BR,1661753015
166,nome,64.5011,-165.4064,46.47,67,0,9.22,US,1661753015
167,rafsanjan,30.4067,55.9939,75.4,9,0,5.66,IR,1661753016
168,hilo,19.7297,-155.09,79.29,84,20,3.44,US,1661753017
169,chuy,-33.6971,-53.4616,40.42,78,20,6.11,UY,1661753017
170,ribas do rio pardo,-20.4431,-53.7592,68.63,78,99,12.1,BR,1661753018
171,rathkeale,52.5244,-8.9381,57.65,88,75,4.61,IE,1661753018
172,takoradi,4.8845,-1.7554,73.22,86,74,6.35,GH,1661753018
173,najran,17.4924,44.1277,88.23,19,22,9.37,SA,1661753019
174,rocha,-34.4833,-54.3333,44.37,68,84,5.57,UY,1661753019
175,burnie,-41.0667,145.9167,58.95,75,88,3.87,AU,1661753020
176,arraial do cabo,-22.9661,-42.0278,70.2,86,41,24.25,BR,1661753020
177,ewo,-0.8725,14.8206,76.55,70,98,5.03,CG,1661753021
178,hasaki,35.7333,140.8333,77.29,74,65,15.43,JP,1661753022
179,excelsior springs,39.3392,-94.2261,82.27,87,0,3.44,US,1661753022
180,lapa,-25.7697,-49.7158,48.24,96,99,6.15,BR,1661752952
181,saint-augustin,51.226,-58.6502,61.11,72,97,13.87,CA,1661753023
182,oak harbor,48.2932,-122.6432,60.78,89,27,3.0,US,1661753023
183,geraldton,-28.7667,114.6,66.61,42,40,11.5,AU,1661753024
184,sao jose da coroa grande,-8.8978,-35.1478,71.31,88,51,4.61,BR,1661753024
185,tahe,52.3333,124.7333,73.22,38,88,4.07,CN,1661753025
186,arman,59.7,150.1667,57.02,92,100,2.71,RU,1661753025
187,ilulissat,69.2167,-51.1,41.02,65,75,1.14,GL,1661753025
188,soe,-9.8607,124.284,83.19,40,45,12.71,ID,1661753026
189,carbondale,37.7273,-89.2168,79.05,91,40,5.75,US,1661752654
190,san vicente,-26.6167,-54.1333,41.54,85,81,8.43,AR,1661753027
191,limbang,4.75,115.0,87.91,59,99,7.05,MY,1661753027
192,chokurdakh,70.6333,147.9167,55.09,49,66,12.24,RU,1661753027
193,flinders,-34.5833,150.8552,63.37,82,100,11.07,AU,1661753028
194,port-cartier,50.0334,-66.8654,61.02,75,84,7.76,CA,1661753028
195,luena,-11.7833,19.9167,68.34,56,43,2.48,AO,1661753029
196,hami,42.8,93.45,84.67,14,0,5.55,CN,1661753029
197,biggar,55.6167,-3.5167,54.55,91,99,3.22,GB,1661752789
198,oistins,13.0667,-59.5333,82.49,78,20,12.66,BB,1661753030
199,baiquan,47.5833,126.0833,61.83,61,100,12.86,CN,1661753030
200,castro,-24.7911,-50.0119,50.61,95,100,8.55,BR,1661752866
201,nemuro,43.3236,145.575,67.42,76,90,9.55,JP,1661753031
202,pevek,69.7008,170.3133,41.88,76,58,12.19,RU,1661753031
203,mahibadhoo,3.7833,72.9667,79.05,84,98,16.51,MV,1661753032
204,tyazhinskiy,56.116,88.524,67.19,53,77,22.28,RU,1661753032
205,belyy yar,53.6039,91.3903,66.85,46,0,15.66,RU,1661753033
206,east london,-33.0153,27.9116,60.33,59,20,16.75,ZA,1661753033
207,maragogi,-9.0122,-35.2225,70.84,89,41,3.96,BR,1661752962
208,vanimo,-2.6741,141.3028,84.06,71,63,8.03,PG,1661753034
209,isangel,-19.55,169.2667,75.31,83,75,11.5,VU,1661753034
210,kuryk,43.2,51.65,87.89,22,0,14.05,KZ,1661753035
211,constitucion,-35.3333,-72.4167,51.62,80,0,1.41,CL,1661753035
212,praya,14.9215,-23.5087,78.17,82,96,16.64,CV,1661753036
213,pacific grove,36.6177,-121.9166,62.42,91,21,5.01,US,1661752872
214,labuhan,-6.8844,112.2051,87.87,53,42,8.3,ID,1661753036
215,acapulco,16.8634,-99.8901,76.82,88,100,8.05,MX,1661753037
216,katsuura,35.1333,140.3,75.34,77,98,17.54,JP,1661753037
217,tibati,6.4667,12.6333,65.21,96,100,2.64,CM,1661753038
218,torbat-e jam,35.244,60.6225,82.18,12,0,16.93,IR,1661753038
219,namie,37.4833,141.0,79.72,63,53,1.01,JP,1661753038
220,port elizabeth,-33.918,25.5701,57.31,70,51,10.0,ZA,1661752816
221,klaksvik,62.2266,-6.589,47.32,78,67,12.53,FO,1661753039
222,oranjemund,-28.55,16.4333,50.04,74,0,13.24,NA,1661753040
223,acajutla,13.5928,-89.8275,78.19,84,91,3.94,SV,1661753040
224,kautokeino,69.0125,23.0412,46.15,85,98,11.5,NO,1661753041
225,sorong,-0.8833,131.25,82.58,71,50,5.1,ID,1661753041
226,marzuq,14.4,46.4667,84.69,37,58,3.44,YE,1661753042
227,yashan,22.1975,109.9419,91.58,58,65,5.26,CN,1661753042
228,thompson,55.7435,-97.8558,62.76,94,100,11.5,CA,1661752847
229,kearney,40.6995,-99.0815,72.16,76,49,4.0,US,1661752868
230,presque isle,46.6811,-68.0159,60.03,89,0,6.91,US,1661753043
231,toktogul,41.8708,72.9402,73.74,35,12,5.14,KG,1661753044
232,aras,42.5617,-2.356,68.41,73,0,5.75,ES,1661753044
233,sungaipenuh,-2.0833,101.3833,69.51,95,92,3.11,ID,1661753045
234,victoria,22.2855,114.1577,95.18,78,86,11.01,HK,1661752873
235,conceicao do coite,-11.5639,-39.2828,60.19,97,5,4.03,BR,1661752903
236,kumluca,36.3703,30.2869,85.51,47,0,2.89,TR,1661753046
237,antalaha,-14.9003,50.2788,75.45,74,41,3.56,MG,1661753046
238,grand gaube,-20.0064,57.6608,75.38,71,34,7.0,MU,1661753046
239,nanortalik,60.1432,-45.2371,39.63,88,51,6.42,GL,1661753047
240,port hardy,50.6996,-127.4199,57.43,95,100,9.8,CA,1661752846
241,barranca,-10.75,-77.7667,59.56,86,37,5.88,PE,1661753026
242,bilibino,68.0546,166.4372,61.11,53,100,1.9,RU,1661753048
243,broken hill,-31.95,141.4333,69.91,30,4,24.56,AU,1661753048
244,kodiak,57.79,-152.4072,54.91,88,100,9.22,US,1661753049
245,kattivakkam,13.2167,80.3167,87.89,63,54,7.49,IN,1661753049
246,vaitape,-16.5167,-151.75,77.92,73,13,8.95,PF,1661753050
247,camacupa,-12.0167,17.4833,67.24,58,25,2.62,AO,1661753050
248,kurali,30.8315,76.5785,86.94,66,70,4.36,IN,1661753050
249,saldanha,-33.0117,17.9442,52.56,82,0,7.31,ZA,1661753051
250,soyo,-6.1349,12.3689,70.75,84,79,1.77,AO,1661753051
251,orotukan,62.2667,151.7,49.59,95,100,6.85,RU,1661753052
252,ninomiya,35.3033,139.2533,81.75,48,73,9.86,JP,1661753052
253,codrington,-38.2667,141.9667,61.97,82,71,12.41,AU,1661753053
254,okha,53.5739,142.9478,55.74,80,98,18.37,RU,1661753053
255,kajaani,64.2273,27.7285,50.05,100,0,1.14,FI,1661753053
256,boyolangu,-8.1181,111.8935,82.42,59,96,10.16,ID,1661753054
257,torbay,47.6666,-52.7314,58.75,90,15,5.99,CA,1661753054
258,stornoway,58.2093,-6.3865,56.93,95,0,1.14,GB,1661753055
259,port macquarie,-31.4333,152.9167,64.89,75,77,15.88,AU,1661753055
260,hirara,24.8,125.2833,85.68,70,1,2.95,JP,1661753056
261,basco,20.4487,121.9702,84.67,69,85,4.52,PH,1661753056
262,aksu,41.1231,80.2644,79.72,30,69,2.15,CN,1661753057
263,butembo,0.15,29.2833,61.02,83,99,2.08,CD,1661752821
264,esperance,-33.8667,121.9,53.44,58,89,4.94,AU,1661753057
265,nouakchott,18.0858,-15.9785,80.53,74,3,13.71,MR,1661753058
266,tessalit,20.1986,1.0114,78.37,55,81,12.95,ML,1661752934
267,santa cruz,-17.8,-63.1667,67.46,21,75,26.46,BO,1661752800
268,beringovskiy,63.05,179.3167,56.57,66,100,8.05,RU,1661753059
269,tura,25.5198,90.2201,84.38,72,78,5.84,IN,1661753059
270,volodarka,49.5248,29.9122,75.88,32,0,6.2,UA,1661753060
271,santa lucia,27.9117,-15.5407,63.72,64,20,11.5,ES,1661752929
272,talaya,61.3833,152.75,49.77,93,100,5.3,RU,1661753060
273,belyy,55.8402,32.9419,70.48,44,100,5.12,RU,1661753061
274,neyvo-shaytanskiy,57.7286,61.2496,76.33,49,84,9.28,RU,1661753061
275,oktyabrskiy,54.4815,53.471,79.93,34,80,2.44,RU,1661753031
276,yellowknife,62.456,-114.3525,53.56,93,99,10.0,CA,1661753062
277,kahului,20.8947,-156.47,80.62,72,100,13.8,US,1661753062
278,jalu,29.0331,21.5482,82.8,47,0,12.88,LY,1661753063
279,paamiut,61.994,-49.6678,40.8,91,94,7.54,GL,1661753063
280,bati,11.1833,40.0167,71.96,56,93,2.42,ET,1661753064
281,cidreira,-30.1811,-50.2056,47.14,70,14,10.54,BR,1661753064
282,portland,45.5234,-122.6762,71.58,67,0,8.05,US,1661752206
283,kiunga,-6.1219,141.2906,84.13,81,93,3.11,PG,1661753065
284,roseburg,43.2165,-123.3417,68.11,61,0,0.0,US,1661753065
285,zyryanka,65.75,150.85,65.77,46,24,15.35,RU,1661753066
286,nuevo progreso,23.1667,-97.95,82.54,65,67,1.01,MX,1661753066
287,aswan,24.0934,32.907,96.82,22,1,7.61,EG,1661753067
288,kindersley,51.4668,-109.1682,60.03,50,29,9.48,CA,1661752972
289,mongo,12.1844,18.693,72.16,91,100,7.61,TD,1661753067
290,francisco sa,-16.4758,-43.4883,63.93,51,1,4.97,BR,1661753068
291,mareeba,-17.0,145.4333,72.32,87,100,8.01,AU,1661753068
292,sabang,5.8933,95.3214,81.81,74,32,9.89,ID,1661753069
293,carauari,-4.8828,-66.8958,70.45,98,100,2.04,BR,1661753069
294,socorro,31.6546,-106.3033,86.49,43,20,3.44,US,1661753070
295,cherskiy,68.75,161.3,60.91,60,40,6.64,RU,1661753070
296,north bend,43.4065,-124.2243,59.86,100,2,7.81,US,1661752847
297,bay roberts,47.5999,-53.2648,59.5,95,23,11.74,CA,1661753044
298,la ronge,55.1001,-105.2842,54.32,89,90,10.49,CA,1661752991
299,longyearbyen,78.2186,15.6401,35.44,87,75,5.75,SJ,1661753071
300,kibala,9.1104,18.3463,70.03,96,100,3.85,TD,1661753072
301,warwick,41.7001,-71.4162,68.45,86,0,3.47,US,1661752799
302,bichura,50.5881,107.6022,56.95,48,96,4.81,RU,1661753072
303,kirgiz-miyaki,53.6324,54.7979,80.87,32,61,6.8,RU,1661753073
304,dunedin,-45.8742,170.5036,47.8,76,2,5.99,NZ,1661752830
305,catuday,16.2923,119.8062,83.34,73,64,6.87,PH,1661753073
306,ponta do sol,32.6667,-17.1,68.72,72,2,1.19,PT,1661753074
307,coihaique,-45.5752,-72.0662,33.75,80,0,6.91,CL,1661753074
308,ketchikan,55.3422,-131.6461,57.67,94,100,12.66,US,1661753075
309,tulsipur,28.131,82.2973,76.73,86,100,1.16,NP,1661753075
310,lagoa,39.05,-27.9833,71.51,82,97,6.8,PT,1661753075
311,vila franca do campo,37.7167,-25.4333,69.19,81,96,6.24,PT,1661753076
312,sringeri,13.4167,75.25,76.01,80,95,2.68,IN,1661753077
313,padang,-0.9492,100.3543,78.85,88,100,6.55,ID,1661753077
314,sarangani,5.4033,125.4636,83.64,74,67,10.89,PH,1661753077
315,suba,10.8438,121.0102,84.72,66,37,3.11,PH,1661753078
316,valdivia,-39.8142,-73.2459,38.77,97,85,3.11,CL,1661752942
317,talara,-4.5772,-81.2719,64.24,80,35,15.1,PE,1661753078
318,tchollire,8.4022,14.1698,69.08,97,99,0.65,CM,1661753079
319,caravelas,-17.7125,-39.2481,66.9,95,5,4.81,BR,1661753079
320,ugento,39.9263,18.1574,77.04,69,18,6.73,IT,1661753080
321,goderich,43.7501,-81.7165,72.91,68,80,19.6,CA,1661752892
322,talnakh,69.4865,88.3972,41.56,72,51,12.86,RU,1661753080
323,puerto escondido,15.85,-97.0667,78.58,82,100,5.3,MX,1661753081
324,jerantut,3.936,102.3626,82.8,85,93,1.39,MY,1661753082
325,cubuk,40.2386,33.0322,71.76,68,0,2.3,TR,1661753082
326,salalah,17.0151,54.0924,78.89,83,100,5.75,OM,1661753082
327,quang ngai,15.1167,108.8,89.55,61,92,9.31,VN,1661753083
328,aktas,49.7789,72.9608,71.35,17,0,6.46,KZ,1661753083
329,katobu,-4.9408,122.5276,83.75,69,49,8.08,ID,1661753084
330,healdsburg,38.6105,-122.8692,61.54,83,100,3.44,US,1661753084
331,punta gorda,26.9298,-82.0454,78.01,94,100,4.0,US,1661752827
332,zhizdra,53.746,34.7395,64.96,70,100,5.08,RU,1661753085
333,fengzhen,40.4394,113.1536,69.33,45,94,11.27,CN,1661753085
334,honiara,-9.4333,159.95,83.32,75,26,8.61,SB,1661753086
335,narsaq,60.9167,-46.05,41.22,92,97,2.19,GL,1661753086
336,saint-ambroise,48.5501,-71.3324,61.57,82,100,2.06,CA,1661753087
337,ulladulla,-35.35,150.4667,61.77,66,98,12.8,AU,1661753067
338,mpika,-11.8343,31.4529,65.8,45,4,10.94,ZM,1661753087
339,sun valley,39.5963,-119.776,77.68,30,20,5.75,US,1661753088
340,blackwater,-23.5833,148.8833,70.74,66,83,13.8,AU,1661753088
341,baraboo,43.4711,-89.7443,73.54,95,0,11.5,US,1661752893
342,bonfim,3.0833,-59.95,74.39,91,98,3.33,BR,1661753089
343,nejdek,50.3224,12.7294,61.7,86,12,1.01,CZ,1661753089
344,manokwari,-0.8667,134.0833,83.16,70,99,9.78,ID,1661753090
345,kailua,21.4022,-157.7394,80.02,78,1,5.01,US,1661752856
346,terra santa,-2.1042,-56.4869,72.46,88,8,2.8,BR,1661753090
347,gorom-gorom,14.4439,-0.2361,76.3,81,94,9.08,BF,1661753091
348,shingu,33.7333,135.9833,79.45,76,96,12.3,JP,1661752808
349,isla mujeres,21.2311,-86.731,82.17,80,11,9.8,MX,1661753091
350,provideniya,64.3833,-173.3,50.83,68,68,5.84,RU,1661753092
351,verin,41.9415,-7.4381,68.56,80,41,1.72,ES,1661753092
352,hobyo,5.3505,48.5268,80.08,67,55,21.18,SO,1661753093
353,port moresby,-9.4431,147.1797,81.36,76,43,6.71,PG,1661753093
354,eganville,45.5334,-77.0994,63.52,88,93,4.5,CA,1661753094
355,that phanom,16.9364,104.7104,90.9,58,44,1.41,TH,1661753094
356,mascota,20.5167,-104.7833,65.32,98,100,1.52,MX,1661752845
357,kavaratti,10.5669,72.642,80.91,79,98,20.45,IN,1661753095
358,rapid valley,44.0625,-103.1463,65.62,54,0,8.05,US,1661753095
359,atbasar,51.8,68.3333,70.54,30,4,1.95,KZ,1661753096
360,tongren,27.7172,109.1853,87.46,74,99,1.61,CN,1661753096
361,aykhal,66.0,111.5,41.0,80,100,19.98,RU,1661753097
362,la brea,15.8,-85.9667,75.13,95,83,3.36,HN,1661753097
363,purpe,64.4803,76.6897,47.55,52,2,5.68,RU,1661753098
364,prince rupert,54.3161,-130.3201,59.09,94,100,13.8,CA,1661752846
365,serenje,-13.2325,30.2352,66.7,41,1,9.91,ZM,1661753098
366,illela,13.7292,5.2975,75.02,85,93,3.83,NG,1661753099
367,pinczow,50.5205,20.5265,68.85,91,100,10.4,PL,1661753099
368,pangnirtung,66.1451,-65.7125,41.07,90,93,3.02,CA,1661753099
369,isiro,2.7739,27.616,71.33,79,35,0.92,CD,1661753100
370,iqaluit,63.7506,-68.5145,37.85,86,31,8.05,CA,1661752814
371,ponca city,36.707,-97.0856,77.02,67,83,11.63,US,1661752959
372,jabinyanah,35.035,10.9081,80.87,75,0,7.05,TN,1661753101
373,broome,42.2506,-75.833,71.98,92,20,6.91,US,1661753101
374,durango,24.8333,-104.8333,64.83,78,100,3.51,MX,1661753061
375,qui nhon,13.7667,109.2333,84.24,72,100,7.0,VN,1661753102
376,umm lajj,25.0213,37.2685,89.37,57,51,2.98,SA,1661753103
377,garowe,8.4054,48.4845,82.13,46,55,23.29,SO,1661753103
378,emerald,-23.5333,148.1667,75.34,54,90,16.8,AU,1661753103
379,yenagoa,4.9247,6.2642,73.06,94,100,3.15,NG,1661753104
380,bagdarin,54.4333,113.6,58.08,34,90,10.94,RU,1661753104
381,goure,13.9835,10.2704,77.02,80,34,3.58,NE,1661753105
382,galesong,-5.3166,119.3661,89.62,64,61,9.66,ID,1661753105
383,ostersund,63.1792,14.6357,50.61,87,0,5.75,SE,1661753106
384,yantal,56.8471,105.2542,45.39,95,100,12.62,RU,1661753106
385,sembe,1.6481,14.5806,70.72,95,100,1.39,CG,1661753107
386,victor harbor,-35.5667,138.6167,55.99,69,74,15.3,AU,1661753107
387,fortuna,40.5982,-124.1573,55.65,96,0,0.0,US,1661753108
388,hamilton,39.1834,-84.5333,77.85,84,0,9.22,US,1661753108
389,vestmanna,62.1564,-7.1664,45.52,81,75,10.36,FO,1661753109
390,faanui,-16.4833,-151.75,77.86,74,13,8.97,PF,1661753109
391,bagotville,-28.9833,153.4167,66.85,79,70,9.48,AU,1661753110
392,sistranda,63.7256,8.834,51.76,73,75,8.41,NO,1661753110
393,la palma,33.8464,-118.0467,73.94,82,0,5.75,US,1661753111
394,severomuysk,56.1481,113.4267,42.46,54,92,7.43,RU,1661753111
395,sola,-13.8833,167.55,79.52,78,30,21.92,VU,1661753111
396,luderitz,-26.6481,15.1594,51.33,64,0,18.03,NA,1661753112
397,buzmeyin,38.0507,58.2056,87.46,13,0,3.85,TM,1661753112
398,nsoko,-27.0333,31.95,71.87,53,0,4.29,SZ,1661753113
399,verkhnyaya balkariya,43.1279,43.4573,68.92,44,12,3.09,RU,1661753113
400,chipinge,-20.1883,32.6236,67.68,42,0,1.34,ZW,1661753114
401,kupang,-10.1667,123.5833,88.38,58,40,8.05,ID,1661753114
402,malpe,13.35,74.7167,85.3,89,91,7.72,IN,1661753115
403,khurda,20.1833,85.6167,89.51,58,49,10.09,IN,1661753115
404,araguaina,-7.1911,-48.2072,70.48,34,15,3.78,BR,1661753115
405,bathsheba,13.2167,-59.5167,83.01,78,20,12.66,BB,1661753116
406,palafrugell,41.9174,3.1631,75.7,80,3,3.74,ES,1661753116
407,husavik,66.0449,-17.3389,49.03,72,100,7.63,IS,1661753117
408,latung,5.5,120.8833,84.67,69,68,7.16,PH,1661753117
409,bocas del toro,9.3333,-82.25,77.52,78,98,4.97,PA,1661753118
410,coahuayana,18.7333,-103.6833,76.73,88,76,2.21,MX,1661753118
411,tautira,-17.7333,-149.15,77.4,73,4,6.67,PF,1661753119
412,abnub,27.2696,31.1511,84.87,51,0,12.84,EG,1661753119
413,tamandare,-8.7597,-35.1047,71.15,89,52,4.59,BR,1661753119
414,grand-lahou,5.1367,-5.0242,73.63,89,100,6.35,CI,1661753120
415,gopalpur,19.2667,84.9167,87.8,66,45,8.48,IN,1661753120
416,disna,55.568,28.1971,70.05,55,47,3.69,BY,1661753121
417,sevenoaks,51.27,0.1928,60.75,43,53,1.01,GB,1661753121
418,kjopsvik,68.097,16.3742,49.87,86,100,4.47,NO,1661753122
419,mairwa,26.2333,84.15,92.37,57,93,8.34,IN,1661753122
420,ginda,30.6945,78.4932,74.01,78,53,4.05,IN,1661753123
421,canton,23.1167,113.25,88.88,48,96,3.47,CN,1661753105
422,zhigalovo,54.8097,105.1578,51.66,65,99,7.85,RU,1661753124
423,bada,51.392,109.8717,60.03,35,94,9.98,RU,1661753124
424,iracoubo,5.4802,-53.2011,75.7,90,68,8.28,GF,1661753125
425,toyooka,35.5333,134.8333,84.61,55,90,1.9,JP,1661753125
426,gilgit,35.9221,74.3087,83.44,43,3,3.2,PK,1661753125
427,blagoyevo,63.3667,47.9167,68.86,74,69,6.17,RU,1661753126
428,the valley,18.217,-63.0578,83.1,78,9,17.13,AI,1661753126
429,revin,49.9404,4.635,60.91,67,95,5.59,FR,1661753127
430,westport,41.1415,-73.3579,74.07,88,100,0.0,US,1661752848
431,mildura,-34.2,142.15,67.06,88,75,3.44,AU,1661753128
432,san jose,37.3394,-121.895,64.33,78,0,9.22,US,1661753070
433,letham,56.6167,-2.7667,56.35,93,79,1.12,GB,1661753128
434,fukue,32.6881,128.8419,81.86,70,85,6.6,JP,1661753129
435,lompoc,34.6391,-120.4579,60.01,87,0,0.0,US,1661752920
436,san jeronimo,-11.9472,-75.2829,47.23,73,71,4.45,PE,1661753129
437,horodnya,51.8909,31.5974,66.61,60,96,5.06,UA,1661753130
438,hovd,48.0056,91.6419,62.53,35,2,5.73,MN,1661753130
439,tabou,4.423,-7.3528,75.7,86,100,10.45,CI,1661753131
440,linjiang,41.8069,126.9078,59.5,93,100,1.92,CN,1661753131
441,davila,18.4726,120.5763,85.14,73,35,4.5,PH,1661753132
442,chara,56.9064,118.2631,45.0,92,100,3.27,RU,1661753132
443,santa rosa,14.3122,121.1114,91.02,64,39,4.59,PH,1661753133
444,santa fe,-31.6333,-60.7,45.01,66,0,4.0,AR,1661753099
445,amazar,53.858,120.875,68.52,63,53,5.99,RU,1661753133
446,porto nacional,-10.7081,-48.4172,71.6,35,0,1.86,BR,1661753134
447,helong,42.5397,128.9972,59.72,79,93,4.12,CN,1661753134
448,taksimo,56.3444,114.8794,54.61,55,99,4.54,RU,1661752955
449,gidole,5.65,37.3667,61.9,55,94,3.49,ET,1661753135
450,sambava,-14.2667,50.1667,74.68,76,73,6.53,MG,1661753135
451,mandan,46.8267,-100.8896,64.81,68,75,16.11,US,1661752957
452,kittery,43.0881,-70.7362,67.91,87,40,4.61,US,1661753045
453,ranong,9.9658,98.6348,84.63,74,95,4.61,TH,1661753136
454,ewa beach,21.3156,-158.0072,79.09,67,0,5.75,US,1661753137
455,vardo,70.3705,31.1107,44.58,93,100,26.46,NO,1661753137
456,bogale,16.2833,95.4,90.12,60,43,5.79,MM,1661753137
457,tefe,-3.3542,-64.7114,70.83,100,100,1.34,BR,1661753138
458,pemangkat,1.1667,108.9667,83.77,70,81,7.99,ID,1661753138
459,da nang,16.0678,108.2208,93.18,59,20,9.22,VN,1661753110
460,shenjiamen,29.9576,122.298,83.64,75,25,10.02,CN,1661753139
461,erzin,36.9559,36.2,88.56,23,0,3.42,TR,1661753139
462,port-gentil,-0.7193,8.7815,75.16,88,100,6.91,GA,1661753140
463,san felipe,10.3399,-68.7425,71.47,98,95,3.91,VE,1661753140
464,fagernes,60.9858,9.2324,51.91,84,67,1.03,NO,1661753141
465,viedma,-40.8135,-62.9967,44.44,32,3,13.67,AR,1661753142
466,negombo,7.2083,79.8358,84.25,74,40,10.36,LK,1661753142
467,la asuncion,11.0333,-63.8628,79.3,87,15,9.33,VE,1661753142
468,mutoko,-17.397,32.2268,63.14,43,1,4.23,ZW,1661753143
469,draguignan,43.5333,6.4667,72.01,88,3,1.14,FR,1661753043
470,balkhash,46.844,74.9804,72.21,20,0,11.18,KZ,1661753144
471,port augusta,-32.5,137.7667,65.07,34,37,24.25,AU,1661753144
472,the pas,53.8251,-101.2541,62.69,95,95,14.52,CA,1661752847
473,ayagoz,47.9714,80.4392,73.29,19,0,14.65,KZ,1661753145
474,fez,34.0372,-4.9998,68.25,94,40,1.14,MA,1661753103
475,pahrump,36.2083,-115.9839,89.26,29,0,4.47,US,1661753099
476,yumen,40.2833,97.2,78.76,12,19,13.91,CN,1661753146
477,buala,-8.145,159.5921,83.34,73,31,9.04,SB,1661753146
478,vanavara,60.34,102.2797,42.13,96,100,13.47,RU,1661752878
479,brae,60.3964,-1.353,51.84,70,65,6.82,GB,1661753147
480,usevya,-7.1,31.2333,71.92,53,59,8.55,TZ,1661753147
481,bauchi,10.5,10.0,67.93,93,100,1.48,NG,1661753148
482,angoche,-16.2325,39.9086,77.9,56,0,3.78,MZ,1661753148
483,avoch,57.5669,-4.1709,58.01,93,75,0.0,GB,1661753149
484,saint-marc,19.1082,-72.6938,79.92,72,100,5.41,HT,1661753149
485,koutiala,12.3917,-5.4642,70.84,94,79,9.73,ML,1661753150
486,mount isa,-20.7333,139.5,78.57,65,75,21.85,AU,1661753150
487,linxia,35.6003,103.2064,53.62,85,100,4.0,CN,1661753151
488,hambantota,6.1241,81.1185,88.14,70,40,16.11,LK,1661753151
489,tumen,42.9661,129.8425,62.8,86,100,4.79,CN,1661753151
490,uyuni,-20.4597,-66.825,40.06,69,95,1.36,BO,1661753152
491,lago da pedra,-4.3333,-45.1667,71.01,54,20,4.0,BR,1661753152
492,naples,40.8333,14.25,74.75,74,0,4.61,IT,1661753145
493,carballo,43.213,-8.691,66.9,87,29,1.97,ES,1661753153
494,george town,5.4112,100.3354,87.73,62,20,6.91,MY,1661753051
495,paita,-5.0892,-81.1144,62.76,84,24,10.11,PE,1661753154
496,kitami,43.8031,143.8908,71.78,70,86,6.35,JP,1661752861
497,iquique,-20.2208,-70.1431,57.24,68,100,7.78,CL,1661753155
498,jinzhou,41.1078,121.1417,72.55,65,66,8.48,CN,1661753155
499,solano,38.2333,-121.9511,65.26,80,0,24.16,US,1661753156
500,nuuk,64.1835,-51.7216,47.01,57,75,3.44,GL,1661753156
501,black river,18.0264,-77.8487,78.93,87,90,4.94,JM,1661753157
502,inhambane,-23.865,35.3833,72.79,69,6,7.83,MZ,1661753157
503,ambulu,-8.345,113.6058,83.84,62,100,10.65,ID,1661753158
504,russell,32.3502,-85.1999,76.23,76,43,4.18,US,1661753158
505,lemon grove,32.7426,-117.0314,71.2,84,100,5.75,US,1661753158
506,xining,36.6167,101.7667,51.42,85,100,3.22,CN,1661753159
507,kiama,-34.6833,150.8667,63.57,86,100,3.0,AU,1661753159
508,laguna,38.421,-121.4238,73.45,73,0,4.61,US,1661753160
509,abu dhabi,24.4667,54.3667,89.71,52,1,9.22,AE,1661752570
510,mumford,5.2618,-0.759,72.19,88,50,5.53,GH,1661753160
511,dolores,-36.3132,-57.6792,37.63,73,0,5.06,AR,1661753161
512,itoman,26.1247,127.6694,86.77,84,75,6.91,JP,1661753161
513,ust-ishim,57.6935,71.1665,74.52,48,19,9.66,RU,1661753162
514,palu,-0.8917,119.8707,86.47,71,83,3.78,ID,1661753162
515,erenhot,43.6475,111.9767,71.15,41,3,6.22,CN,1661753163
516,phetchaburi,12.9667,99.5833,91.98,53,64,4.68,TH,1661753163
517,krasnoselkup,65.7,82.4667,47.75,42,8,17.16,RU,1661753163
518,sault sainte marie,46.5168,-84.3333,70.36,93,100,3.44,CA,1661752892
519,wattegama,6.7989,81.4808,93.9,44,89,1.43,LK,1661753164
520,dinguiraye,11.3,-10.7167,69.01,97,99,3.91,GN,1661753165
521,malkangiri,18.35,81.9,90.66,60,31,3.31,IN,1661753165
522,sakakah,29.9697,40.2064,93.15,13,0,4.09,SA,1661753165
523,loveland,40.3978,-105.075,72.63,48,0,9.22,US,1661753059
524,abaza,52.655,90.0928,69.71,34,72,6.69,RU,1661753166
525,colares,38.7992,-9.4469,67.33,78,33,11.99,PT,1661753167
526,manzanillo,20.3433,-77.1167,77.47,84,93,1.41,CU,1661753167
527,lufilufi,-13.8745,-171.5986,81.79,72,20,6.24,WS,1661753167
528,loandjili,-4.7561,11.8578,71.94,83,87,2.84,CG,1661753168
529,yermakovskoye,53.2831,92.4003,61.0,46,100,2.89,RU,1661753168
530,cape girardeau,37.3834,-89.7168,78.39,89,79,1.01,US,1661752967
531,santa marta,11.2408,-74.199,79.7,80,88,3.27,CO,1661753169
532,dubrovnik,42.6481,18.0922,78.44,61,20,3.44,HR,1661753169
533,gat,31.61,34.7642,87.4,100,4,5.68,IL,1661752942
534,bourail,-21.5667,165.4833,69.55,78,95,10.8,NC,1661753170
535,redlands,34.0556,-117.1825,79.93,67,0,5.75,US,1661753018
536,vila velha,-20.3297,-40.2925,68.95,93,0,8.05,BR,1661753171
537,marfino,55.7028,37.3822,70.05,52,0,11.18,RU,1661753171
538,wakkanai,45.4094,141.6739,69.19,59,87,7.2,JP,1661753172
539,palma,39.5694,2.6502,75.22,66,0,7.0,ES,1661753172
540,odweyne,9.4092,45.064,78.91,42,26,20.27,SO,1661753173
541,emba,48.8264,58.1442,83.84,27,3,5.75,KZ,1661753173
542,balti,47.7617,27.9289,79.92,28,2,4.16,MD,1661753174
543,yershichi,53.6725,32.7542,67.19,62,100,2.51,RU,1661753174
544,mayumba,-3.432,10.6554,72.3,83,100,2.06,GA,1661753175
545,tanout,14.9709,8.8879,77.43,72,72,6.46,NE,1661753175
546,kolosovka,56.4678,73.611,71.38,55,35,14.72,RU,1661753176
547,sao joao da barra,-21.6403,-41.0511,70.92,78,8,19.39,BR,1661753176
548,litovko,49.2361,135.1742,66.65,74,100,4.94,RU,1661753176
549,amboasary,-25.0333,46.3833,75.43,52,0,1.61,MG,1661753177
550,coquimbo,-29.9533,-71.3436,53.28,93,11,3.38,CL,1661752989
551,gimli,50.6336,-96.9907,66.22,55,50,8.77,CA,1661753179
552,verkhnyaya inta,65.9811,60.3094,57.97,81,98,16.67,RU,1661753179
553,antofagasta,-23.65,-70.4,56.48,78,42,1.68,CL,1661753180
554,silifke,36.3778,33.9344,88.83,37,0,2.8,TR,1661753180
555,umm kaddadah,13.6017,26.6876,78.24,66,78,9.44,SD,1661753181
556,novikovo,51.1537,37.8879,74.1,65,44,6.82,RU,1661753181
557,evensk,61.95,159.2333,52.7,89,100,11.27,RU,1661753181
558,svetlyy,54.675,20.1347,68.97,88,100,5.64,RU,1661753182
559,leeton,-34.5667,146.4,62.51,94,100,18.41,AU,1661753182
560,kloulklubed,7.0419,134.2556,82.9,72,55,14.41,PW,1661753183
561,abu zabad,12.35,29.25,75.79,76,85,6.64,SD,1661753183
562,hammerfest,70.6634,23.6821,45.05,87,75,8.05,NO,1661753184
563,adrar,20.5022,-10.0711,88.48,40,51,8.99,MR,1661753184
564,rapid city,44.0805,-103.231,65.32,53,0,8.05,US,1661752940
565,saint-joseph,-21.3667,55.6167,76.21,75,84,1.99,RE,1661753185
566,chitipa,-9.7024,33.2697,66.63,54,33,9.26,MW,1661753185
567,hualmay,-11.0964,-77.6139,60.21,84,25,7.38,PE,1661753186
568,sinnamary,5.3833,-52.95,76.59,88,69,8.84,GF,1661753186
569,soligalich,59.0778,42.2864,74.35,47,99,4.63,RU,1661753187
570,alofi,-19.0595,-169.9187,73.29,83,40,3.44,NU,1661753187
571,nanakuli,21.3906,-158.1547,79.11,61,0,5.75,US,1661753188
572,yerbogachen,61.2767,108.0108,47.64,68,95,13.53,RU,1661753188
573,vredendal,-31.6683,18.5012,48.42,76,0,3.8,ZA,1661753188
